timestamp,temperature,humidity,distance
2026-01-18 15:14:22.499614,25.0,60.0,100
2026-01-18 15:14:23.522106,26.0,61.0,99
2026-01-18 15:14:24.524866,27.0,62.0,98
2026-01-18 15:14:25.527098,28.0,63.0,97
2026-01-18 15:14:26.529540,29.0,64.0,96
2026-01-18 15:23:06.891808,25.0,60.11,118
2026-01-18 15:23:08.896740,25.29,59.74,117
2026-01-18 15:23:10.899010,25.4,59.13,117
2026-01-18 15:23:12.901229,25.33,58.87,119
2026-01-18 15:23:14.903720,25.08,58.34,119
2026-01-18 15:23:16.906387,25.04,58.29,117
2026-01-18 15:23:18.908831,24.9,58.17,118
2026-01-18 15:23:20.910895,24.97,58.83,117
2026-01-18 15:23:22.913023,24.92,59.03,119
2026-01-18 15:23:24.915969,24.63,59.38,119
2026-01-18 15:23:26.920688,24.57,59.73,118
2026-01-18 15:23:28.923255,24.79,60.68,118
2026-01-18 15:23:30.925942,24.83,60.79,120
2026-01-18 15:23:32.927968,24.94,60.85,120
2026-01-18 15:23:34.930558,25.14,61.65,122
2026-01-18 15:23:36.933649,25.02,61.0,124
2026-01-18 15:23:38.935582,24.85,61.51,126
2026-01-18 15:23:40.937964,24.75,60.87,126
2026-01-18 15:23:42.940159,25.04,60.86,127
2026-01-18 15:23:44.944518,25.29,61.74,127
2026-01-18 15:23:46.946815,25.09,62.35,128
2026-01-18 15:23:48.949005,25.05,61.5,128
2026-01-18 15:23:50.951613,25.26,61.38,127
2026-01-18 15:23:52.954354,25.22,60.74,126
2026-01-18 15:23:54.957519,25.38,60.38,125
2026-01-18 15:23:56.960068,25.49,60.72,127
2026-01-18 15:23:58.963241,25.68,61.42,127
2026-01-18 15:24:00.965446,25.71,60.74,128
2026-01-18 15:24:02.968278,25.55,60.67,129
2026-01-18 15:24:04.971008,25.65,59.79,128
2026-01-18 15:24:06.973456,25.82,59.41,128
2026-01-18 15:24:08.976120,26.03,58.46,129
2026-01-18 15:24:10.978508,26.19,58.7,127
2026-01-18 15:24:12.980437,26.23,59.69,128
2026-01-18 15:24:14.982701,26.19,58.77,128
2026-01-18 15:24:16.985090,26.49,57.89,127
2026-01-18 15:24:18.987128,26.24,58.15,127
2026-01-18 15:24:20.989379,26.37,58.46,127
2026-01-18 15:24:22.992723,26.12,58.38,126
2026-01-18 15:24:24.995281,26.17,57.72,126
2026-01-18 15:24:26.997411,26.12,58.06,126
2026-01-18 15:24:28.999824,26.3,58.26,127
2026-01-18 15:24:31.001978,26.43,58.4,125
2026-01-18 15:24:33.003991,26.21,59.05,126
2026-01-18 15:24:35.006129,26.08,59.27,128
2026-01-18 15:24:37.009031,26.34,58.99,129
2026-01-18 15:24:39.011473,26.47,58.74,127
2026-01-18 15:24:41.014047,26.32,59.67,125
2026-01-18 15:24:43.017002,26.07,58.97,123
2026-01-18 15:24:45.020374,26.22,58.46,121
2026-01-18 15:24:47.022473,25.93,59.3,119
2026-01-18 15:24:49.024771,25.76,59.77,121
2026-01-18 15:24:51.027172,26.0,59.5,120
2026-01-18 15:24:53.029308,25.76,59.05,122
2026-01-18 15:24:55.031440,25.56,58.06,124
2026-01-18 15:24:57.033558,25.75,57.75,124
2026-01-18 15:24:59.035510,25.98,57.81,122
2026-01-18 15:25:01.037599,25.87,56.99,121
2026-01-18 15:25:03.039627,26.14,57.09,123
2026-01-18 15:25:05.041634,26.27,56.94,121
2026-01-18 15:25:07.043777,25.98,57.73,120
2026-01-18 15:25:09.046601,26.1,57.85,118
2026-01-18 15:25:11.049553,26.01,58.37,117
2026-01-18 15:25:13.051817,25.88,58.94,118
2026-01-18 15:25:15.054376,25.74,58.99,120
2026-01-18 15:25:17.056143,25.7,58.37,118
2026-01-18 15:25:19.058768,25.96,57.72,117
2026-01-18 15:25:21.061526,25.68,57.2,115
2026-01-18 15:25:23.063553,25.64,57.32,117
2026-01-18 15:25:25.065636,25.37,57.46,116
2026-01-18 15:25:27.067767,25.43,58.29,114
2026-01-18 15:25:29.069666,25.43,57.31,112
2026-01-18 15:25:31.072300,25.65,57.56,110
2026-01-18 15:25:33.074762,25.37,58.02,111
2026-01-18 15:25:35.076679,25.58,57.83,110
2026-01-18 15:25:37.078662,25.85,57.74,109
2026-01-18 15:25:39.080808,25.96,57.16,107
2026-01-18 15:25:41.083265,26.11,56.5,106
2026-01-18 15:25:43.085443,26.38,56.42,107
2026-01-18 15:25:45.087383,26.53,56.77,109
2026-01-18 15:25:47.089762,26.57,57.28,107
2026-01-18 15:25:49.092045,26.85,56.7,107
2026-01-18 15:25:51.094922,27.04,57.32,105
2026-01-18 15:25:53.097165,27.31,56.6,106
2026-01-18 15:25:55.099248,27.01,56.6,108
2026-01-18 15:25:57.101467,27.17,56.04,106
2026-01-18 15:25:59.103947,27.46,55.49,106
2026-01-18 15:26:01.106061,27.23,56.11,104
2026-01-18 15:26:03.107990,27.41,57.07,104
2026-01-18 15:26:05.110537,27.23,56.54,102
2026-01-18 15:26:07.112905,27.15,56.14,103
2026-01-18 15:26:09.115763,27.04,55.59,101
2026-01-18 15:26:11.117924,27.27,56.22,99
2026-01-18 15:26:13.119956,27.0,56.43,97
2026-01-18 15:26:15.121862,26.88,56.94,97
2026-01-18 15:26:17.124240,27.18,56.65,97
2026-01-18 15:26:19.126540,27.47,56.1,96
2026-01-18 15:26:21.128679,27.59,56.73,94
2026-01-18 15:26:23.131309,27.84,56.85,96
2026-01-18 15:26:25.134291,27.71,57.84,95
2026-01-18 15:26:27.136323,27.96,57.37,94
2026-01-18 15:26:29.138906,27.83,57.85,94
2026-01-18 15:26:31.140992,27.91,57.81,95
2026-01-18 15:26:33.142998,27.61,58.73,93
2026-01-18 15:26:35.145331,27.83,59.13,95
2026-01-18 15:26:37.148008,27.62,58.17,95
2026-01-18 15:26:39.150660,27.9,57.33,95
2026-01-18 15:26:41.152720,28.01,57.17,97
2026-01-18 15:26:43.155428,28.27,58.13,96
2026-01-18 15:26:45.158081,28.11,57.46,98
2026-01-18 15:26:47.160916,28.06,57.29,98
2026-01-18 15:26:49.163376,27.86,56.91,98
2026-01-18 15:26:51.165591,27.63,57.21,99
2026-01-18 15:26:53.168038,27.46,57.83,100
2026-01-18 15:26:55.170388,27.74,58.49,99
2026-01-18 15:26:57.172653,28.04,59.13,99
2026-01-18 15:26:59.175631,27.77,59.97,101
2026-01-18 15:27:01.178237,27.93,59.38,100
2026-01-18 15:27:03.180421,28.08,58.53,102
2026-01-18 15:27:05.183114,28.17,59.3,103
2026-01-18 15:27:07.186284,28.33,59.96,101
2026-01-18 15:27:09.189509,28.52,60.05,99
2026-01-18 15:27:11.192061,28.36,60.85,101
2026-01-18 15:27:13.195035,28.25,61.08,101
2026-01-18 15:27:15.197896,28.41,61.87,100
2026-01-18 15:27:17.200081,28.47,62.17,99
2026-01-18 15:27:19.202256,28.21,62.59,98
2026-01-18 15:27:21.205390,28.31,61.67,100
2026-01-18 15:27:23.207982,28.37,62.54,98
2026-01-18 15:27:25.210742,28.53,62.76,98
2026-01-18 15:27:27.213813,28.51,62.4,99
2026-01-18 15:27:29.215889,28.4,62.31,97
2026-01-18 15:30:33.663002,25.27,60.2,118
2026-01-18 15:30:35.668120,25.51,59.27,116
2026-01-18 15:30:37.670515,25.65,58.95,118
2026-01-18 15:30:39.673755,25.74,59.08,118
2026-01-18 15:30:41.676487,25.52,58.09,120
2026-01-18 15:30:43.679543,25.59,58.85,121
2026-01-18 15:30:45.681736,25.44,59.19,121
2026-01-18 15:30:47.684158,25.27,60.13,121
2026-01-18 15:30:49.686291,25.45,59.13,119
2026-01-18 15:30:51.689162,25.28,58.56,118
2026-01-18 15:30:53.691539,25.45,59.49,118
2026-01-18 15:30:55.693871,25.37,59.85,117
2026-01-18 15:30:57.696107,25.53,59.89,116
2026-01-18 15:30:59.698528,25.67,59.42,116
2026-01-18 15:31:01.700805,25.97,58.49,117
2026-01-18 15:31:03.703072,25.69,57.87,115
2026-01-18 15:31:05.706549,25.91,57.3,113
2026-01-18 15:31:07.709385,25.89,57.82,115
2026-01-18 15:31:09.711414,26.03,58.36,114
2026-01-18 15:31:11.713704,26.09,57.86,116
2026-01-18 15:31:13.716153,25.81,57.99,114
2026-01-18 15:31:15.718644,26.04,58.47,116
2026-01-18 15:31:17.721392,26.15,58.91,117
2026-01-18 15:31:19.723717,25.92,59.3,115
2026-01-18 15:31:21.725906,25.66,59.52,113
2026-01-18 15:31:23.727979,25.92,60.38,112
2026-01-18 15:31:25.730207,25.75,60.86,110
2026-01-18 15:31:27.732697,25.64,61.09,108
2026-01-18 15:31:29.734601,25.83,61.28,110
2026-01-18 15:31:31.736961,25.79,62.0,108
2026-01-18 15:31:33.740055,25.67,62.62,109
2026-01-18 15:31:35.742695,25.47,62.7,110
2026-01-18 15:31:37.744965,25.41,62.54,109
2026-01-18 15:31:39.747679,25.23,62.18,107
2026-01-18 15:31:41.751006,25.3,62.85,106
2026-01-18 15:31:43.753670,25.07,62.51,108
2026-01-18 15:31:45.755616,24.97,62.63,109
2026-01-18 15:31:47.757857,24.88,61.77,108
2026-01-18 15:31:49.760334,24.87,61.27,108
2026-01-18 15:31:51.762344,24.98,61.92,110
2026-01-18 15:31:53.764805,24.87,61.28,111
2026-01-18 15:31:55.767754,24.93,61.07,109
2026-01-18 15:31:57.770042,24.94,60.46,108
2026-01-18 15:31:59.771866,25.05,59.88,110
2026-01-18 15:32:01.773948,25.17,59.02,110
2026-01-18 15:32:03.776278,24.95,59.82,108
2026-01-18 15:32:05.778836,24.86,60.63,109
2026-01-18 15:32:07.781159,24.94,60.69,107
2026-01-18 15:32:09.784281,25.01,60.27,108
2026-01-18 15:32:11.786670,25.11,60.28,109
2026-01-18 15:32:13.789135,24.95,59.96,107
2026-01-18 15:32:15.791512,25.13,59.59,106
2026-01-18 15:32:17.793753,25.27,58.9,107
2026-01-18 15:32:19.796454,25.11,58.81,107
2026-01-18 15:32:21.798690,25.08,58.57,105
2026-01-18 15:32:23.800889,24.91,59.54,106
2026-01-18 15:32:25.802921,24.79,58.78,107
2026-01-18 15:32:27.805092,25.05,59.56,108
2026-01-18 15:32:29.807193,24.78,60.5,107
2026-01-18 15:32:31.809426,24.72,60.73,109
2026-01-18 15:32:33.812034,24.68,60.98,110
2026-01-18 15:32:35.814909,24.95,60.92,109
2026-01-18 15:32:37.817356,24.68,61.84,108
2026-01-18 15:32:39.820429,24.97,60.98,107
2026-01-18 15:32:41.823071,24.82,60.04,109
2026-01-18 15:32:43.825495,24.71,60.08,108
2026-01-18 15:32:45.827729,24.56,59.98,107
2026-01-18 15:32:47.829885,24.58,59.83,106
2026-01-18 15:32:49.831871,24.55,59.15,104
2026-01-18 15:32:51.834396,24.85,59.59,106
2026-01-18 15:32:53.836467,24.9,60.45,107
2026-01-18 15:32:55.838437,24.64,60.92,109
2026-01-18 15:32:57.840756,24.48,61.43,109
2026-01-18 15:32:59.843129,24.44,60.58,110
2026-01-18 15:33:01.845292,24.21,59.64,110
2026-01-18 15:33:03.848161,23.96,59.67,111
2026-01-18 15:33:05.850358,23.72,60.5,110
2026-01-18 15:33:07.852622,23.64,59.82,110
2026-01-18 15:33:09.854990,23.69,59.9,109
2026-01-18 15:33:11.857814,23.65,59.15,110
2026-01-18 15:33:13.860937,23.64,58.65,109
2026-01-18 15:33:15.863103,23.56,58.56,111
2026-01-18 15:33:17.866181,23.39,58.03,113
2026-01-18 15:33:19.868349,23.31,59.02,114
2026-01-18 15:33:21.870596,23.59,59.71,114
2026-01-18 15:33:23.872621,23.66,60.32,115
2026-01-18 15:33:25.874994,23.92,59.84,115
2026-01-18 15:33:27.876943,24.12,60.64,114
2026-01-18 15:33:29.879206,24.15,59.71,113
2026-01-18 15:33:31.881484,24.44,59.38,111
2026-01-18 15:33:33.884153,24.17,59.75,112
2026-01-18 15:33:35.886032,24.34,59.06,111
2026-01-18 15:33:37.887945,24.25,58.68,113
2026-01-18 15:33:39.889980,24.36,59.62,113
2026-01-18 15:33:41.891902,24.36,59.81,115
2026-01-18 15:33:43.894306,24.46,59.85,117
2026-01-18 15:33:45.896768,24.31,59.85,117
2026-01-18 15:33:47.899402,24.38,60.41,115
2026-01-18 15:33:49.901845,24.45,60.5,115
2026-01-18 15:33:51.903996,24.52,60.71,115
2026-01-18 15:33:53.906991,24.39,60.02,116
2026-01-18 15:33:55.908920,24.41,59.78,117
2026-01-18 15:33:57.911053,24.4,59.23,118
2026-01-18 15:33:59.913992,24.14,59.42,120
2026-01-18 15:34:01.917228,23.99,60.06,122
2026-01-18 15:34:03.919478,24.2,60.95,120
2026-01-18 15:34:05.923347,24.24,61.71,121
2026-01-18 15:34:07.925299,24.41,62.45,122
2026-01-18 15:34:09.928495,24.62,63.4,120
2026-01-18 15:34:11.932372,24.74,63.12,118
2026-01-18 15:34:13.935294,24.98,63.72,118
2026-01-18 15:34:15.938041,24.81,63.55,116
2026-01-18 15:34:17.941420,24.89,63.6,116
2026-01-18 15:34:19.944061,24.76,64.43,118
2026-01-18 15:34:21.946409,24.9,65.11,119
2026-01-18 15:34:23.949483,25.1,64.39,117
2026-01-18 15:34:25.952409,25.34,64.52,116
2026-01-18 15:34:27.955217,25.6,65.37,116
2026-01-18 15:34:29.958788,25.32,66.23,114
2026-01-18 15:34:31.961136,25.27,65.84,115
2026-01-18 15:34:33.963750,25.07,64.95,115
2026-01-18 15:34:35.966753,25.3,64.83,117
2026-01-18 15:34:37.970021,25.24,64.33,117
2026-01-18 15:34:39.972157,25.13,63.86,116
2026-01-18 15:34:41.974469,24.86,63.24,114
2026-01-18 15:34:43.976785,24.7,62.5,113
2026-01-18 15:34:45.981525,24.89,62.98,114
2026-01-18 15:34:47.985612,24.81,63.26,112
2026-01-18 15:34:49.988486,25.1,62.93,113
2026-01-18 15:34:51.991971,25.05,63.69,112
2026-01-18 15:34:53.994548,24.85,64.2,110
2026-01-18 15:34:55.997003,24.77,63.81,112
2026-01-18 15:34:57.999336,24.95,63.94,113
2026-01-18 15:35:00.002190,25.06,63.5,115
2026-01-18 15:35:02.004474,24.98,64.29,116
2026-01-18 15:35:04.006785,24.88,63.82,116
2026-01-18 15:35:06.010246,24.6,64.69,118
2026-01-18 15:35:08.013035,24.41,64.92,118
2026-01-18 15:35:10.015128,24.61,65.77,117
2026-01-18 15:35:12.018187,24.77,65.81,119
2026-01-18 15:35:14.020251,24.87,66.27,118
2026-01-18 15:35:16.022504,24.58,65.75,119
2026-01-18 15:35:18.024900,24.36,66.19,119
2026-01-18 15:35:20.026869,24.12,66.12,117
2026-01-18 15:35:22.029074,24.16,65.32,115
2026-01-18 15:35:24.031371,23.99,65.11,116
2026-01-18 15:35:26.033578,24.0,64.58,114
2026-01-18 15:35:28.035822,24.24,64.78,113
2026-01-18 15:35:30.038364,24.13,64.55,112
2026-01-18 15:35:32.040895,24.02,65.24,111
2026-01-18 15:35:34.043925,23.75,65.8,112
2026-01-18 15:35:36.046668,23.92,65.06,112
2026-01-18 15:35:38.049713,23.9,64.67,113
2026-01-18 15:35:40.055580,23.95,65.16,111
2026-01-18 15:35:42.058423,24.16,64.61,113
2026-01-18 15:35:44.061642,24.08,63.74,113
2026-01-18 15:35:46.064065,24.03,63.21,114
2026-01-18 15:35:48.066241,24.19,64.09,112
2026-01-18 15:35:50.068610,24.09,64.96,112
2026-01-18 15:35:52.070661,24.1,65.56,114
2026-01-18 15:35:54.072995,24.24,65.54,115
2026-01-18 15:35:56.075688,24.12,66.18,117
2026-01-18 15:35:58.078227,23.96,65.52,116
2026-01-18 15:36:00.081208,23.7,66.43,116
2026-01-18 15:36:02.083618,23.52,65.9,114
2026-01-18 15:36:04.086591,23.75,66.7,115
2026-01-18 15:36:06.089614,24.01,67.16,114
2026-01-18 15:36:08.092693,23.99,66.24,116
2026-01-18 15:36:10.095428,23.78,66.51,114
2026-01-18 15:36:12.097740,23.65,66.8,116
2026-01-18 15:36:14.099674,23.6,66.4,116
2026-01-18 15:36:16.101871,23.35,65.85,115
2026-01-18 15:36:18.104643,23.54,64.98,114
2026-01-18 15:36:20.107619,23.35,64.2,114
2026-01-18 15:36:22.110320,23.32,63.88,116
2026-01-18 15:36:24.115667,23.44,63.03,114
2026-01-18 15:36:26.118525,23.26,63.77,112
2026-01-18 15:36:28.120468,23.02,63.08,112
2026-01-18 15:36:30.122942,23.29,62.94,112
2026-01-18 15:36:32.126316,23.45,62.23,113
2026-01-18 15:36:34.129123,23.31,62.96,113
2026-01-18 15:36:36.132420,23.31,62.76,113
2026-01-18 15:36:38.135006,23.01,62.93,114
2026-01-18 15:36:40.137768,23.27,63.5,116
2026-01-18 15:36:42.140227,23.48,64.34,117
2026-01-18 15:36:44.143062,23.55,63.9,118
2026-01-18 15:36:46.145745,23.81,64.85,116
2026-01-18 15:36:48.148859,23.79,64.09,114
2026-01-18 15:36:50.152433,23.73,63.36,113
2026-01-18 15:36:52.155061,23.68,62.91,113
2026-01-18 15:36:54.157441,23.75,63.88,111
2026-01-18 15:36:56.160661,23.6,64.56,111
2026-01-18 15:36:58.163625,23.89,65.01,112
2026-01-18 15:37:00.166192,23.63,65.0,113
2026-01-18 15:37:02.168470,23.58,64.73,115
2026-01-18 15:37:04.170782,23.84,65.32,114
2026-01-18 15:37:06.173277,23.57,65.0,116
2026-01-18 15:37:08.175796,23.64,64.99,118
2026-01-18 15:37:10.178441,23.48,65.55,119
2026-01-18 15:37:12.181632,23.39,65.75,119
2026-01-18 15:37:14.184418,23.31,64.8,118
2026-01-18 15:37:16.187161,23.07,65.08,118
2026-01-18 15:37:18.189979,23.05,65.37,119
2026-01-18 15:37:20.193050,22.84,65.1,121
2026-01-18 15:37:22.195481,22.77,64.32,119
2026-01-18 15:37:24.198498,22.81,63.6,117
2026-01-18 15:37:26.200832,22.63,64.25,116
2026-01-18 15:37:28.203278,22.9,63.95,114
2026-01-18 15:37:30.206077,22.62,63.56,113
2026-01-18 15:37:32.208510,22.56,63.93,115
2026-01-18 15:37:34.210821,22.33,64.0,115
2026-01-18 15:37:36.213548,22.03,63.01,117
2026-01-18 15:37:38.215687,21.99,62.89,116
2026-01-18 15:37:40.218061,22.02,63.03,118
2026-01-18 15:37:42.220470,21.75,62.39,120
2026-01-18 15:37:44.222841,21.94,63.38,122
2026-01-18 15:37:46.226037,22.06,62.55,120
2026-01-18 15:37:48.229040,22.29,62.45,119
2026-01-18 15:37:50.231876,22.25,63.12,118
2026-01-18 15:37:52.233858,22.26,64.08,119
2026-01-18 15:37:54.235821,22.04,64.24,119
2026-01-18 15:37:56.237860,21.81,64.56,118
2026-01-18 15:37:58.240599,21.71,64.65,120
2026-01-18 15:38:00.242943,21.46,65.04,120
2026-01-18 15:38:02.244995,21.58,65.58,122
2026-01-18 15:38:04.246939,21.71,66.56,120
2026-01-18 15:38:06.248898,21.86,65.85,122
2026-01-18 15:38:08.251931,22.08,65.27,121
2026-01-18 15:38:10.255980,22.31,65.71,120
2026-01-18 15:38:12.258448,22.44,66.54,118
2026-01-18 15:38:14.261274,22.47,66.81,119
2026-01-18 15:38:16.263858,22.42,65.87,120
2026-01-18 15:38:18.266651,22.63,64.91,119
2026-01-18 15:38:20.269835,22.86,64.69,119
2026-01-18 15:38:22.272191,22.67,65.58,119
2026-01-18 15:38:24.274156,22.66,65.92,121
2026-01-18 15:38:26.276099,22.39,66.11,122
2026-01-18 15:38:28.279053,22.13,66.67,120
2026-01-18 15:38:30.281393,22.3,66.57,121
2026-01-18 15:38:32.283803,22.29,65.77,119
2026-01-18 15:38:34.286633,22.32,65.95,118
2026-01-18 15:38:36.289011,22.41,66.6,120
2026-01-18 15:38:38.291274,22.64,65.93,121
2026-01-18 15:38:40.293583,22.8,66.72,123
2026-01-18 15:38:42.296154,23.06,66.36,125
2026-01-18 15:38:44.298895,22.82,66.58,125
2026-01-18 15:38:46.301695,22.97,66.35,126
2026-01-18 15:38:48.304735,22.86,67.29,124
2026-01-18 15:38:50.307631,23.02,68.25,125
2026-01-18 15:38:52.310563,22.87,68.51,124
2026-01-18 15:38:54.312587,22.84,69.36,123
2026-01-18 15:38:56.315070,22.71,69.89,124
2026-01-18 15:38:58.317631,22.84,69.37,123
2026-01-18 15:39:00.319730,23.04,69.28,121
2026-01-18 15:39:02.321972,22.87,68.43,123
2026-01-18 15:39:04.324291,22.66,68.0,123
2026-01-18 15:39:06.326872,22.55,67.07,125
2026-01-18 15:39:08.329718,22.75,67.96,126
2026-01-18 15:39:10.333297,22.9,67.29,126
2026-01-18 15:39:12.336119,22.94,68.18,125
2026-01-18 15:39:14.338861,22.77,68.26,126
2026-01-18 15:39:16.341863,22.54,68.78,127
2026-01-18 15:39:18.344503,22.65,68.42,128
2026-01-18 15:39:20.347175,22.42,67.82,127
2026-01-18 15:39:22.350061,22.59,67.2,129
2026-01-18 15:39:24.352945,22.56,66.37,127
2026-01-18 15:39:26.355658,22.82,65.53,126
2026-01-18 15:39:28.357712,22.58,66.35,126
2026-01-18 15:39:30.359731,22.77,66.12,127
2026-01-18 15:39:32.362293,22.89,66.45,127
2026-01-18 15:39:34.365082,22.85,66.16,126
2026-01-18 15:39:36.368338,22.96,66.3,124
2026-01-18 15:39:38.371433,23.04,66.24,122
2026-01-18 15:39:40.374803,23.26,65.64,121
2026-01-18 15:39:42.377345,23.25,65.86,121
2026-01-18 15:39:44.379705,23.04,65.7,122
2026-01-18 15:39:46.382840,22.87,66.56,120
2026-01-18 15:39:48.385058,23.17,66.42,121
2026-01-18 15:39:50.387628,23.1,65.68,122
2026-01-18 15:39:52.389763,23.13,66.14,124
2026-01-18 15:39:54.392294,23.42,65.5,125
2026-01-18 15:39:56.394397,23.48,65.98,125
2026-01-18 15:39:58.396684,23.63,66.19,127
2026-01-18 15:40:00.398909,23.93,65.72,125
2026-01-18 15:40:02.402101,24.15,64.8,127
2026-01-18 15:40:04.404979,24.2,64.32,126
2026-01-18 15:40:06.407777,23.92,64.07,127
2026-01-18 15:40:08.410596,23.96,63.26,125
2026-01-18 15:40:10.412981,24.1,63.31,126
2026-01-18 15:40:12.415777,24.29,63.19,124
2026-01-18 15:40:14.421895,24.15,62.9,122
2026-01-18 15:40:16.424191,23.87,62.26,121
2026-01-18 15:40:18.427400,23.79,63.22,119
2026-01-18 15:40:20.430169,24.04,62.7,117
2026-01-18 15:40:22.432799,23.81,63.66,115
2026-01-18 15:40:24.436059,23.58,64.25,115
2026-01-18 15:40:26.439593,23.53,65.03,115
2026-01-18 15:40:28.442821,23.29,65.24,115
2026-01-18 15:40:30.445488,23.54,65.37,113
2026-01-18 15:40:32.449457,23.59,66.18,111
2026-01-18 15:40:34.452351,23.54,66.61,112
2026-01-18 15:40:36.454799,23.77,65.83,113
2026-01-18 15:40:38.457344,24.0,66.27,115
2026-01-18 15:40:40.460082,24.24,65.88,115
2026-01-18 15:40:42.462642,24.06,65.4,117
2026-01-18 15:40:44.466383,24.04,65.02,119
2026-01-18 15:40:46.469796,24.12,64.31,120
2026-01-18 15:40:48.472335,24.04,64.37,119
2026-01-18 15:40:50.475586,23.96,64.82,118
2026-01-18 15:40:52.478206,24.2,65.45,116
2026-01-18 15:40:54.481209,24.11,64.82,118
2026-01-18 15:40:56.483749,24.07,65.7,117
2026-01-18 15:40:58.486733,24.05,66.24,116
2026-01-18 15:41:00.489554,23.92,66.76,114
2026-01-18 15:41:02.492611,24.2,67.49,116
2026-01-18 15:41:04.496720,24.12,66.9,115
2026-01-18 15:41:06.499291,24.06,67.51,113
2026-01-18 15:41:08.501985,23.98,67.53,111
2026-01-18 15:41:10.504256,24.25,67.05,110
2026-01-18 15:41:12.506910,24.27,66.36,108
2026-01-18 15:41:14.509531,24.52,66.89,107
2026-01-18 15:41:16.512156,24.28,66.42,105
2026-01-18 15:41:18.514752,24.41,67.13,104
2026-01-18 15:41:20.518155,24.53,67.84,106
2026-01-18 15:41:22.520867,24.75,68.09,105
2026-01-18 15:41:24.523119,24.81,68.31,106
2026-01-18 15:41:26.525376,24.89,69.27,107
2026-01-18 15:41:28.528554,24.85,69.96,108
2026-01-18 15:41:30.531074,24.97,70.07,108
2026-01-18 15:41:32.533152,25.25,70.48,108
2026-01-18 15:41:34.535668,25.4,69.58,107
2026-01-18 15:41:36.537763,25.62,68.88,105
2026-01-18 15:41:38.540257,25.44,69.69,107
2026-01-18 15:41:40.542901,25.46,69.83,107
2026-01-18 15:41:42.545189,25.32,69.77,109
2026-01-18 15:41:44.547692,25.05,69.56,109
2026-01-18 15:41:46.549831,24.75,70.28,111
2026-01-18 15:41:48.552767,24.53,71.06,112
2026-01-18 15:41:50.555575,24.73,71.47,111
2026-01-18 15:41:52.558140,24.44,72.34,112
2026-01-18 15:41:54.560461,24.22,73.21,114
2026-01-18 15:41:56.563130,24.4,73.41,112
2026-01-18 15:41:58.565521,24.51,73.67,112
2026-01-18 15:42:00.567757,24.65,74.5,114
2026-01-18 15:42:02.569934,24.7,74.24,115
2026-01-18 15:42:04.572283,24.47,74.55,113
2026-01-18 15:42:06.574224,24.22,74.48,114
2026-01-18 15:42:08.576491,24.07,74.12,113
2026-01-18 15:42:10.579244,24.11,74.65,114
2026-01-18 15:42:12.581546,23.89,73.98,115
2026-01-18 15:42:14.583904,24.12,73.73,113
2026-01-18 15:42:16.585906,23.9,72.81,113
2026-01-18 15:42:18.588690,23.7,71.85,112
2026-01-18 15:42:20.591102,23.46,71.01,112
2026-01-18 15:42:22.593941,23.37,70.51,113
2026-01-18 15:42:24.596809,23.1,69.81,113
2026-01-18 15:42:26.599024,23.37,70.41,111
2026-01-18 15:42:28.600744,23.59,70.73,109
2026-01-18 15:42:30.603216,23.49,71.16,110
2026-01-18 15:42:32.605536,23.62,70.56,109
2026-01-18 15:42:34.607652,23.71,69.85,110
2026-01-18 15:42:36.610422,23.52,69.32,112
2026-01-18 15:42:38.612733,23.58,68.89,114
2026-01-18 15:42:40.614943,23.37,68.54,113
2026-01-18 15:42:42.616920,23.55,68.67,111
2026-01-18 15:42:44.618803,23.37,68.49,110
2026-01-18 15:42:46.620846,23.56,68.17,110
2026-01-18 15:42:48.623518,23.68,68.94,109
2026-01-18 15:42:50.626149,23.75,68.92,111
2026-01-18 15:42:52.628841,23.49,68.27,113
2026-01-18 15:42:54.631544,23.74,67.41,114
2026-01-18 15:42:56.633735,23.81,67.25,116
2026-01-18 15:42:58.635512,23.64,67.29,117
2026-01-18 15:43:00.638408,23.84,67.75,119
2026-01-18 15:43:02.641189,23.85,67.9,119
2026-01-18 15:43:04.643426,23.56,68.84,121
2026-01-18 15:43:06.645369,23.65,68.4,119
2026-01-18 15:43:08.647463,23.6,68.36,121
2026-01-18 15:43:10.649700,23.81,68.63,123
2026-01-18 15:43:12.652074,24.1,67.97,125
2026-01-18 15:43:14.654560,23.97,68.85,126
2026-01-18 15:43:16.657357,24.23,68.71,125
2026-01-18 15:43:18.659429,24.41,67.77,124
2026-01-18 15:43:20.661719,24.43,67.93,126
2026-01-18 15:43:22.664062,24.28,68.42,127
2026-01-18 15:43:24.666609,24.04,68.12,125
2026-01-18 15:43:26.669127,23.88,67.78,123
2026-01-18 15:43:28.671541,23.82,68.48,123
2026-01-18 15:43:30.673680,23.67,68.68,122
2026-01-18 15:43:32.675608,23.95,68.41,120
2026-01-18 15:43:34.677995,24.24,69.36,120
2026-01-18 15:43:36.680287,24.11,68.84,121
2026-01-18 15:43:38.683350,24.01,68.87,122
2026-01-18 15:43:40.686088,24.21,68.41,122
2026-01-18 15:43:42.688505,24.19,67.82,122
2026-01-18 15:43:44.690666,24.3,67.73,121
2026-01-18 15:43:46.693876,24.55,67.85,123
2026-01-18 15:43:48.696178,24.83,66.87,122
2026-01-18 15:43:50.698227,24.97,67.18,123
2026-01-18 15:43:52.700114,24.82,66.44,123
2026-01-18 15:43:54.702237,24.58,65.53,123
2026-01-18 15:43:56.704533,24.55,65.36,121
2026-01-18 15:43:58.707335,24.75,65.81,123
2026-01-18 15:44:00.710598,24.96,65.9,123
2026-01-18 15:44:02.712843,24.93,66.07,122
2026-01-18 15:44:04.715554,24.97,65.51,122
2026-01-18 15:44:06.717671,25.24,64.99,120
2026-01-18 15:44:08.719671,25.46,64.85,119
2026-01-18 15:44:10.721745,25.73,65.11,120
2026-01-18 15:44:12.723695,26.02,64.32,121
2026-01-18 15:44:14.726554,25.99,64.63,123
2026-01-18 15:44:16.728971,26.02,63.76,122
2026-01-18 15:44:18.731179,25.79,64.33,123
2026-01-18 15:44:20.733545,26.08,64.37,122
2026-01-18 15:44:22.735856,26.13,64.65,123
2026-01-18 15:44:24.738437,25.91,64.71,121
2026-01-18 15:44:26.740754,26.03,65.56,120
2026-01-18 15:44:28.743489,26.06,65.57,120
2026-01-18 15:44:30.745844,26.23,64.64,121
2026-01-18 15:44:32.748328,25.95,64.31,122
2026-01-18 15:44:34.750617,26.14,63.8,121
2026-01-18 15:44:36.753304,26.07,63.05,121
2026-01-18 15:44:38.755671,26.36,63.06,123
2026-01-18 15:44:40.757518,26.53,62.17,122
2026-01-18 15:44:42.759535,26.3,62.0,124
2026-01-18 15:44:44.762022,26.17,62.42,122
2026-01-18 15:44:46.763933,26.41,63.21,122
2026-01-18 15:44:48.765916,26.26,62.9,121
2026-01-18 15:44:50.768034,25.97,62.28,122
2026-01-18 15:44:52.769818,25.97,62.58,120
2026-01-18 15:44:54.772123,26.24,61.92,120
2026-01-18 15:44:56.775161,26.32,61.46,120
2026-01-18 15:44:58.777127,26.6,61.79,120
2026-01-18 15:45:00.779331,26.64,62.24,118
2026-01-18 15:45:02.782060,26.94,62.75,116
2026-01-18 15:45:04.784276,26.83,62.82,117
2026-01-18 15:45:06.786178,26.83,61.96,116
2026-01-18 15:45:08.788220,26.6,61.63,115
2026-01-18 15:45:10.790189,26.54,61.84,115
2026-01-18 15:45:12.792636,26.43,61.16,115
2026-01-18 15:45:14.794911,26.4,60.96,114
2026-01-18 15:45:16.797366,26.11,61.57,113
2026-01-18 15:45:18.799825,26.05,62.11,115
2026-01-18 15:45:20.802558,26.08,61.9,116
2026-01-18 15:45:22.804991,25.98,61.37,118
2026-01-18 15:45:24.807092,25.97,60.55,120
2026-01-18 15:45:26.809248,25.72,59.56,118
2026-01-18 15:45:28.811496,25.73,59.24,117
2026-01-18 15:45:30.813773,25.91,59.21,117
2026-01-18 15:45:32.816342,26.13,59.22,119
2026-01-18 15:45:34.818804,26.24,58.68,119
2026-01-18 15:45:36.821778,26.22,59.36,117
2026-01-18 15:45:38.824028,26.33,59.87,116
2026-01-18 15:45:40.826078,26.28,60.29,118
2026-01-18 15:45:42.828752,26.12,59.8,117
2026-01-18 15:45:44.831451,26.32,59.69,119
2026-01-18 15:45:46.833614,26.07,59.01,120
2026-01-18 15:45:48.835661,26.06,58.73,118
2026-01-18 15:45:50.838195,26.17,59.7,117
2026-01-18 15:45:52.840432,26.39,59.67,116
2026-01-18 15:45:54.842473,26.33,59.21,115
2026-01-18 15:45:56.844657,26.4,59.05,113
2026-01-18 15:45:58.848466,26.15,59.87,111
2026-01-18 15:46:00.852867,25.96,60.5,109
2026-01-18 15:46:02.855606,26.11,61.04,111
2026-01-18 15:46:04.858190,25.89,60.96,110
2026-01-18 15:46:06.860540,25.68,60.39,110
2026-01-18 15:46:08.863401,25.74,60.35,109
2026-01-18 15:53:26.927835,25.28,59.83,121
2026-01-18 15:53:28.932231,25.21,60.49,120
2026-01-18 15:53:30.934727,25.01,60.51,120
2026-01-18 15:53:32.938743,24.99,61.24,119
2026-01-18 15:53:34.941997,24.77,61.57,120
2026-01-18 15:53:36.945352,24.57,60.79,121
2026-01-18 15:53:38.947218,24.79,61.03,119
2026-01-18 15:53:40.949549,24.93,60.53,118
2026-01-18 15:53:42.952346,25.15,59.8,117
2026-01-18 15:53:44.954744,25.02,60.52,118
2026-01-18 15:53:46.956794,25.27,60.76,116
2026-01-18 15:53:48.959910,25.51,60.12,115
2026-01-18 15:53:50.963219,25.59,59.95,116
2026-01-18 15:53:52.966832,25.45,59.83,114
2026-01-18 15:53:54.969039,25.66,60.12,114
2026-01-18 15:53:56.971418,25.42,59.68,112
2026-01-18 15:53:58.973937,25.53,60.14,110
2026-01-18 15:54:00.976625,25.36,60.35,109
2026-01-18 15:54:02.978507,25.53,60.4,108
2026-01-18 15:54:04.981145,25.63,59.5,110
2026-01-18 15:54:06.983908,25.53,58.94,108
2026-01-18 15:54:08.986805,25.39,59.34,109
2026-01-18 15:54:10.989957,25.28,59.57,107
2026-01-18 15:54:12.992306,25.55,60.48,107
2026-01-18 15:54:14.994938,25.53,59.85,108
2026-01-18 15:54:16.996844,25.69,60.19,106
2026-01-18 15:54:18.999164,25.95,60.03,106
2026-01-18 15:54:21.004363,25.84,60.29,106
2026-01-18 15:54:23.006793,25.56,59.84,107
2026-01-18 15:54:25.010120,25.26,60.17,107
2026-01-18 15:54:27.012174,25.33,60.78,109
2026-01-18 15:54:29.014872,25.23,60.53,107
2026-01-18 15:54:31.017437,25.36,60.62,108
2026-01-18 15:54:33.019969,25.55,59.97,108
2026-01-18 15:54:35.021922,25.37,59.48,109
2026-01-18 15:54:37.024571,25.63,59.57,110
2026-01-18 15:54:39.027312,25.64,59.22,110
2026-01-18 15:54:41.031888,25.4,58.96,108
2026-01-18 15:54:43.034640,25.25,58.85,107
2026-01-18 15:54:45.036624,24.96,57.95,105
2026-01-18 15:54:47.039182,25.13,58.26,106
2026-01-18 15:54:49.042411,25.24,58.08,108
2026-01-18 15:54:51.049281,25.26,57.88,109
2026-01-18 15:54:53.051903,25.37,58.0,110
2026-01-18 15:54:55.054559,25.6,57.52,108
2026-01-18 15:54:57.056962,25.52,57.08,110
2026-01-18 15:54:59.059414,25.58,57.84,108
2026-01-18 15:55:01.061933,25.69,57.88,109
2026-01-18 15:55:03.064099,25.77,58.76,107
2026-01-18 15:55:05.067436,26.03,58.9,105
2026-01-18 15:55:07.071870,26.23,58.2,105
2026-01-18 15:55:09.075139,26.26,58.5,107
2026-01-18 15:55:11.078062,26.43,59.04,105
2026-01-18 15:55:13.080984,26.31,58.39,107
2026-01-18 15:55:15.084472,26.23,58.13,109
2026-01-18 15:55:17.087667,26.36,57.32,110
2026-01-18 15:55:19.090283,26.39,57.89,108
2026-01-18 15:55:21.092682,26.53,58.44,109
2026-01-18 15:55:23.094945,26.37,57.63,111
2026-01-18 15:55:25.097294,26.21,57.09,113
2026-01-18 15:55:27.100646,26.49,57.23,114
2026-01-18 15:55:29.104742,26.28,56.62,115
2026-01-18 15:55:31.107138,25.99,57.52,116
2026-01-18 15:55:33.110795,25.76,58.1,118
2026-01-18 15:55:35.113272,25.64,58.74,116
2026-01-18 15:55:37.116570,25.34,59.52,116
2026-01-18 15:55:39.120168,25.59,59.06,115
2026-01-18 15:55:41.123574,25.76,59.31,113
2026-01-18 15:55:43.126406,25.92,58.57,112
2026-01-18 15:55:45.129439,26.12,57.86,113
2026-01-18 15:55:47.131749,26.33,57.0,112
2026-01-18 15:55:49.134200,26.46,56.66,112
2026-01-18 15:55:51.136940,26.22,57.42,113
2026-01-18 15:55:53.139107,26.45,57.42,115
2026-01-18 15:55:55.142646,26.49,58.1,113
2026-01-18 15:55:57.144693,26.63,57.64,113
2026-01-18 15:55:59.146722,26.77,58.34,112
2026-01-18 15:56:01.149644,27.04,58.16,113
2026-01-18 15:56:03.152692,27.23,57.65,114
2026-01-18 15:56:05.154814,27.25,58.24,116
2026-01-18 15:56:07.157207,26.97,57.29,118
2026-01-18 15:56:09.160211,26.96,56.35,120
2026-01-18 15:56:11.163163,27.1,55.61,122
2026-01-18 15:56:13.165719,26.82,55.29,120
2026-01-18 15:56:15.167694,26.99,56.02,120
2026-01-18 15:56:17.170143,27.05,56.34,118
2026-01-18 15:56:19.172691,27.23,55.38,117
2026-01-18 15:56:21.174917,27.23,55.04,119
2026-01-18 15:56:23.177239,26.99,54.64,118
2026-01-18 15:56:25.179528,26.98,54.08,118
2026-01-18 15:56:27.182448,27.19,53.51,116
2026-01-18 15:56:29.185280,27.26,54.04,117
2026-01-18 15:56:31.188589,27.34,53.7,116
2026-01-18 15:56:33.191683,27.08,52.99,114
2026-01-18 15:56:35.194741,27.25,52.45,116
2026-01-18 15:56:37.197438,27.2,52.87,118
2026-01-18 15:56:39.200596,27.38,53.53,118
2026-01-18 15:56:41.203273,27.28,53.51,118
2026-01-18 15:56:43.206494,27.37,53.31,116
2026-01-18 15:56:45.209757,27.64,53.07,116
2026-01-18 15:56:47.212425,27.87,53.55,116
2026-01-18 15:56:49.215421,27.85,54.43,118
2026-01-18 15:56:51.218727,27.99,54.09,119
2026-01-18 15:56:53.222480,27.76,54.22,119
2026-01-18 15:56:55.225534,27.68,55.17,121
2026-01-18 15:56:57.228708,27.91,54.41,123
2026-01-18 15:56:59.231431,27.98,54.36,124
2026-01-18 15:57:01.233933,27.98,54.62,122
2026-01-18 15:57:03.237199,28.08,55.45,122
2026-01-18 15:57:05.239887,28.22,55.26,122
2026-01-18 15:57:07.242725,28.13,55.54,123
2026-01-18 15:57:09.245737,28.15,54.94,122
2026-01-18 15:57:11.248327,27.88,54.37,121
2026-01-18 15:57:13.251372,28.16,54.66,123
2026-01-18 15:57:15.253810,28.3,55.39,125
2026-01-18 15:57:17.257197,28.2,54.61,127
2026-01-18 15:57:19.260581,28.15,55.38,126
2026-01-18 15:57:21.263062,28.06,56.19,125
2026-01-18 15:57:23.265953,27.82,55.4,124
2026-01-18 15:57:25.269498,27.79,55.26,126
2026-01-18 15:57:27.272684,27.75,55.92,128
2026-01-18 15:57:29.274854,27.96,56.91,130
2026-01-18 15:57:31.277386,28.12,57.84,130
2026-01-18 15:57:33.280267,28.3,58.22,132
2026-01-18 15:57:35.282739,28.35,58.51,134
2026-01-18 15:57:37.285708,28.37,59.41,136
2026-01-18 15:57:39.288660,28.3,59.42,137
2026-01-18 15:57:41.290772,28.09,58.55,138
2026-01-18 15:57:43.293297,27.99,58.33,138
2026-01-18 15:57:45.295871,28.1,59.16,138
2026-01-18 15:57:47.298338,28.32,59.33,137
2026-01-18 15:57:49.301609,28.31,59.69,139
2026-01-18 15:57:51.304433,28.5,60.0,137
2026-01-18 15:57:53.307427,28.49,60.61,137
2026-01-18 15:57:55.310266,28.63,60.45,138
2026-01-18 15:57:57.312797,28.75,59.92,136
2026-01-18 15:57:59.315242,28.58,59.47,135
2026-01-18 15:58:01.318396,28.7,58.96,136
2026-01-18 15:58:03.321744,28.42,59.88,134
2026-01-18 15:58:05.325586,28.25,59.07,136
2026-01-18 15:58:07.328466,28.16,58.12,134
2026-01-18 15:58:09.331490,28.02,57.81,132
2026-01-18 15:58:11.334030,27.83,57.72,132
2026-01-18 15:58:13.336408,27.65,57.63,134
2026-01-18 15:58:15.339146,27.73,56.78,132
2026-01-18 15:58:17.341372,27.68,57.65,133
2026-01-18 15:58:19.344274,27.85,58.58,133
2026-01-18 15:58:21.347144,27.8,59.5,132
2026-01-18 15:58:23.350162,27.86,59.64,133
2026-01-18 15:58:25.353171,27.79,60.11,133
2026-01-18 15:58:27.355513,27.77,59.86,134
2026-01-18 15:58:29.357889,27.93,59.99,133
2026-01-18 15:58:31.361183,27.92,59.44,134
2026-01-18 15:58:33.363755,28.2,59.24,132
2026-01-18 15:58:35.366602,28.35,60.18,132
2026-01-18 15:58:37.368692,28.32,59.66,134
2026-01-18 15:58:39.371104,28.24,60.47,136
2026-01-18 15:58:41.374185,28.11,59.48,135
2026-01-18 15:58:43.377306,28.07,60.12,135
2026-01-18 15:58:45.380170,27.93,60.05,137
2026-01-18 15:58:47.383727,28.21,59.66,137
2026-01-18 15:58:49.387072,28.43,60.04,138
2026-01-18 15:58:51.389536,28.52,60.64,136
2026-01-18 15:58:53.391922,28.22,61.39,137
2026-01-18 15:58:55.394213,28.34,60.7,136
2026-01-18 15:58:57.398567,28.42,61.28,138
2026-01-18 15:58:59.402180,28.22,61.44,136
2026-01-18 15:59:01.404970,28.16,60.74,136
2026-01-18 15:59:03.407488,28.24,60.87,134
2026-01-18 15:59:05.409704,28.43,60.25,136
2026-01-18 15:59:07.411934,28.21,60.15,136
2026-01-18 15:59:09.414510,28.35,60.37,134
2026-01-18 15:59:11.417446,28.36,61.09,133
2026-01-18 15:59:13.420156,28.65,61.77,134
2026-01-18 15:59:15.422931,28.71,61.1,134
2026-01-18 15:59:17.425675,28.6,61.95,133
2026-01-18 15:59:19.427806,28.63,62.33,134
2026-01-18 15:59:21.430317,28.43,62.29,133
2026-01-18 15:59:23.432344,28.66,62.41,132
2026-01-18 15:59:25.434606,28.49,62.7,134
2026-01-18 15:59:27.436907,28.73,62.82,136
2026-01-18 15:59:29.438992,29.01,63.26,138
2026-01-18 15:59:31.440897,29.21,64.04,137
2026-01-18 15:59:33.442974,29.25,64.84,136
2026-01-18 15:59:35.445833,29.16,64.24,137
2026-01-18 15:59:37.448310,29.19,65.21,136
2026-01-18 15:59:39.450687,29.38,65.32,136
2026-01-18 15:59:41.453293,29.55,64.39,135
2026-01-18 15:59:43.456020,29.65,65.37,135
2026-01-18 15:59:45.458022,29.91,66.02,135
2026-01-18 15:59:47.460633,29.78,66.74,135
2026-01-18 15:59:49.464307,29.73,67.05,136
2026-01-18 15:59:51.466824,29.62,66.66,136
2026-01-18 15:59:53.470008,29.49,66.31,136
2026-01-18 15:59:55.472999,29.75,65.42,136
2026-01-18 15:59:57.475577,29.59,65.17,135
2026-01-18 15:59:59.478185,29.55,64.6,133
2026-01-18 16:00:01.480993,29.31,63.7,132
2026-01-18 16:00:03.483468,29.06,63.39,134
2026-01-18 16:00:05.486762,29.01,63.46,133
2026-01-18 16:00:07.489715,28.88,63.39,132
2026-01-18 16:00:09.492913,28.75,62.56,134
2026-01-18 16:00:11.494848,28.82,62.78,134
2026-01-18 16:00:13.497731,28.65,63.08,133
2026-01-18 16:00:15.500432,28.37,62.99,131
2026-01-18 16:00:17.502872,28.57,63.57,131
2026-01-18 16:00:19.505660,28.33,63.04,133
2026-01-18 16:00:21.508480,28.39,64.01,135
2026-01-18 16:00:23.511173,28.24,64.99,134
2026-01-18 16:00:25.513876,28.19,64.96,136
2026-01-18 16:00:27.516717,27.97,64.05,134
2026-01-18 16:00:29.519772,27.97,63.06,134
2026-01-18 16:00:31.522542,28.13,63.43,134
2026-01-18 16:00:33.525371,28.16,64.15,134
2026-01-18 16:00:35.527794,27.94,64.36,136
2026-01-18 16:00:37.541587,27.74,65.12,135
2026-01-18 16:00:39.546119,27.97,64.46,136
2026-01-18 16:00:41.548308,28.08,63.46,136
2026-01-18 16:00:43.550565,27.86,63.93,136
2026-01-18 16:00:45.553173,27.73,63.7,136
2026-01-18 16:00:47.555858,27.72,63.38,134
2026-01-18 16:00:49.558865,27.71,62.79,134
2026-01-18 16:00:51.561810,27.53,62.22,136
2026-01-18 16:00:53.564699,27.49,61.58,137
2026-01-18 16:00:55.567448,27.67,61.42,138
2026-01-18 16:00:57.570593,27.91,60.91,136
2026-01-18 16:00:59.573349,27.94,60.89,134
2026-01-18 16:01:01.575478,27.66,61.14,134
2026-01-18 16:01:03.578117,27.89,61.57,132
2026-01-18 16:01:05.581184,27.77,61.85,132
2026-01-18 16:01:07.583411,27.8,60.87,132
2026-01-18 16:01:09.586441,28.02,60.3,133
2026-01-18 16:01:11.589365,27.99,60.01,133
2026-01-18 16:01:13.592242,27.97,60.04,133
2026-01-18 16:01:15.594560,28.24,59.55,131
2026-01-18 16:01:17.597399,27.95,60.47,130
2026-01-18 16:01:19.600392,28.04,61.15,128
2026-01-18 16:01:21.602732,27.89,61.1,127
2026-01-18 16:01:23.604851,27.63,60.47,125
2026-01-18T20:56:05.419540,25.0,60.0,100
2026-01-18T20:56:06.421558,26.0,61.0,99
2026-01-18T20:56:07.423044,27.0,62.0,98
2026-01-18T20:56:08.424173,28.0,63.0,97
2026-01-18T20:56:09.425486,29.0,64.0,96
2026-01-18T20:59:52.976441,24.92,59.35,119
2026-01-18T20:59:54.977727,24.94,58.64,119
2026-01-18T20:59:56.980025,24.79,58.72,122
2026-01-18T20:59:58.980853,24.94,58.74,125
2026-01-18T21:00:00.982621,25.17,58.58,127
2026-01-18T21:00:02.984532,25.27,58.15,126
2026-01-18T21:00:04.985533,25.49,58.23,123
2026-01-18T21:00:06.986835,25.22,58.61,123
2026-01-18T21:00:08.988293,25.5,58.51,126
2026-01-18T21:00:10.989746,25.2,59.17,129
2026-01-18T21:00:12.991460,25.21,59.79,131
2026-01-18T21:00:14.992797,25.16,59.14,129
2026-01-18T21:00:16.994095,25.39,59.37,132
2026-01-18T21:00:18.995413,25.53,59.2,131
2026-01-18T21:00:20.997259,25.56,59.84,133
2026-01-18T21:00:22.998367,25.6,59.86,132
2026-01-18T21:06:21.081491,25.09,59.23,117
2026-01-18T21:06:23.082798,25.01,59.55,116
2026-01-18T21:06:25.084221,25.23,60.24,118
2026-01-18T21:06:27.085570,25.17,59.57,120
2026-01-18T21:06:29.086808,24.88,59.11,118
2026-01-18T21:06:31.087947,24.98,58.51,121
2026-01-18T21:06:33.089511,25.1,59.07,121
2026-01-18T21:06:35.090816,25.02,58.56,122
2026-01-18T21:06:37.091894,25.12,59.07,122
2026-01-18T21:06:39.093020,24.89,58.41,124
2026-01-18T21:06:41.094690,25.04,57.81,126
2026-01-18T21:06:43.096062,24.97,58.42,128
2026-01-18T21:06:45.097137,24.76,58.52,129
2026-01-18T21:06:47.098474,24.56,59.22,130
2026-01-18T21:06:49.099868,24.3,59.67,128
2026-01-18T21:06:51.101221,24.59,60.31,126
2026-01-18T21:06:53.102832,24.33,60.86,123
2026-01-18T21:06:55.104232,24.25,60.78,122
2026-01-18T21:06:57.105543,24.26,60.78,121
2026-01-18T21:06:59.106845,24.15,60.35,123
2026-01-18T21:07:01.108027,24.25,60.76,122
2026-01-18T21:07:03.109148,24.31,61.23,121
2026-01-18T21:07:05.110414,24.41,61.87,121
2026-01-18T21:07:07.111537,24.42,61.65,124
2026-01-18T21:07:09.112484,24.62,62.21,122
2026-01-18T21:07:11.113860,24.49,62.99,125
2026-01-18T21:07:13.115405,24.57,62.59,128
2026-01-18T21:07:15.117262,24.69,62.66,130
2026-01-18T21:07:17.118966,24.7,63.34,128
2026-01-18T21:07:19.120413,24.97,62.65,126
2026-01-18T21:07:21.121716,24.93,63.43,126
2026-01-18T21:07:23.123574,25.12,62.84,123
2026-01-18T21:07:25.124681,24.91,62.13,125
2026-01-18T21:07:27.126226,24.89,61.46,126
2026-01-18T21:07:29.127396,24.96,61.06,124
2026-01-18T21:07:31.128895,24.67,61.04,124
2026-01-18T21:07:33.130585,24.84,61.41,121
2026-01-18T21:07:35.131705,25.1,61.48,119
2026-01-18T21:07:37.134315,24.81,61.96,120
2026-01-18T21:07:39.135549,25.07,61.25,119
2026-01-18T21:07:41.137172,25.28,60.56,117
2026-01-18T21:07:43.138861,25.42,60.82,120
2026-01-18T21:07:45.140478,25.35,61.03,120
2026-01-18T21:07:47.141599,25.46,61.47,121
2026-01-18T21:07:49.142745,25.24,61.47,118
2026-01-18T21:07:51.143730,25.09,61.4,115
2026-01-18T21:07:53.144618,25.12,60.73,113
2026-01-18T21:07:55.145955,24.9,61.28,114
2026-01-18T21:07:57.147067,24.68,60.77,117
2026-01-18T21:07:59.148181,24.95,61.02,119
2026-01-18T21:08:01.149687,25.1,61.31,121
2026-01-18T21:08:03.150687,24.84,61.18,119
2026-01-18T21:08:05.151526,24.84,61.86,122
2026-01-18T21:08:07.152678,25.14,61.8,125
2026-01-18T21:08:09.153844,25.41,61.4,125
2026-01-18T21:08:11.155070,25.14,60.94,122
2026-01-18T21:08:13.156367,25.16,60.62,120
2026-01-18T21:08:15.157672,25.02,60.59,123
2026-01-18T21:08:17.159289,24.79,60.85,121
2026-01-18T21:08:19.160587,24.78,60.29,120
2026-01-18T21:08:21.161997,24.55,60.4,123
2026-01-18T21:08:23.163917,24.47,60.16,123
2026-01-18T21:08:25.165156,24.35,59.96,120
2026-01-18T21:08:27.166621,24.15,59.35,118
2026-01-18T21:08:29.168115,24.04,58.58,120
2026-01-18T21:08:31.169516,24.01,59.02,122
2026-01-18T21:08:33.170736,23.72,58.85,124
2026-01-18T21:08:35.172067,23.59,58.42,123
2026-01-18T21:08:37.173528,23.54,57.71,120
2026-01-18T21:08:39.174792,23.7,57.36,117
2026-01-18T21:08:41.176090,23.59,56.9,114
2026-01-18T21:08:43.178002,23.63,57.04,114
2026-01-18T21:08:45.179396,23.52,56.44,113
2026-01-18T21:08:47.180841,23.65,57.11,116
2026-01-18T21:08:49.182580,23.84,56.57,113
2026-01-18T21:08:51.184280,24.02,57.07,115
2026-01-18T21:08:53.185404,24.0,57.43,112
2026-01-18T21:08:55.186319,24.13,57.45,111
2026-01-18T21:08:57.187632,24.22,57.79,108
2026-01-18T21:08:59.189605,24.09,57.34,107
2026-01-18T21:09:01.191032,24.0,57.83,110
2026-01-18T21:09:03.192368,23.71,57.79,112
2026-01-18T21:09:05.193783,23.58,58.12,109
2026-01-18T21:09:07.195075,23.76,58.58,111
2026-01-18T21:09:09.202369,23.85,58.06,108
2026-01-18T21:09:11.205200,23.92,58.44,108
2026-01-18T21:09:13.206734,24.2,58.51,105
2026-01-18T21:09:15.208081,23.98,57.79,107
2026-01-18T21:09:17.209228,23.75,57.52,106
2026-01-18T21:09:19.210674,23.63,57.04,108
2026-01-18T21:09:21.212086,23.87,57.66,111
2026-01-18T21:09:23.213183,24.13,58.06,111
2026-01-18T21:09:25.214084,23.92,58.14,113
2026-01-18T21:09:27.215255,23.94,58.17,113
2026-01-18T21:09:29.216274,24.07,58.54,110
2026-01-18T21:09:31.217761,23.94,59.05,107
2026-01-18T21:09:33.219070,24.02,58.32,108
2026-01-18T21:09:35.220255,23.75,58.54,108
2026-01-18T21:09:37.221197,24.01,58.7,109
2026-01-18T21:09:39.222151,24.16,59.17,109
2026-01-18T21:09:41.223674,24.01,58.39,109
2026-01-18T21:09:43.224742,23.79,58.03,112
2026-01-18T21:09:45.226865,24.03,57.72,109
2026-01-18T21:09:47.228184,24.26,57.66,108
2026-01-18T21:09:49.229771,24.2,57.96,106
2026-01-18T21:09:51.230795,24.0,58.64,109
2026-01-18T21:09:53.231910,24.25,58.99,112
2026-01-18T21:09:55.233364,24.46,58.21,109
2026-01-18T21:09:57.234407,24.46,57.6,108
2026-01-18T21:09:59.235320,24.55,58.19,107
2026-01-18T21:10:01.236265,24.27,58.56,108
2026-01-18T21:10:03.237748,24.05,59.32,105
2026-01-18T21:10:05.239195,24.34,59.83,107
2026-01-18T21:10:07.240173,24.14,60.44,106
